<?xml version="1.0" encoding="UTF-8"?>
<project-private xmlns="http://www.netbeans.org/ns/project-private/1">
    <editor-bookmarks xmlns="http://www.netbeans.org/ns/editor-bookmarks/2" lastBookmarkId="0"/>
    <open-files xmlns="http://www.netbeans.org/ns/projectui-open-files/2">
        <group>
            <file>file:/C:/Users/Tom/Documents/Uni/Year%203/Semester%202/seven_b_4520_countwithme.X/basic_lcd.h</file>
            <file>file:/C:/Users/Tom/Documents/Uni/Year%203/Semester%202/seven_b_4520_countwithme.X/main.c</file>
            <file>file:/C:/Users/Tom/Documents/Uni/Year%203/Semester%202/seven_b_4520_countwithme.X/mode_contoller.h</file>
            <file>file:/C:/Users/Tom/Documents/Uni/Year%203/Semester%202/seven_b_4520_countwithme.X/basic_lcd.c</file>
            <file>file:/C:/Users/Tom/Documents/Uni/Year%203/Semester%202/seven_b_4520_countwithme.X/UI.c</file>
            <file>file:/C:/Users/Tom/Documents/Uni/Year%203/Semester%202/seven_b_4520_countwithme.X/basic_serial.c</file>
        </group>
    </open-files>
</project-private>
