<?xml version="1.0" encoding="UTF-8"?>
<project-private xmlns="http://www.netbeans.org/ns/project-private/1">
    <editor-bookmarks xmlns="http://www.netbeans.org/ns/editor-bookmarks/2" lastBookmarkId="0"/>
    <open-files xmlns="http://www.netbeans.org/ns/projectui-open-files/2">
        <group>
            <file>file:/C:/Users/Aspen/OneDrive/2018/Semester%202/MTRX3700-Major/Git/Scales-Assignment/seven_b_4520.X/main.c</file>
            <file>file:/C:/Users/Aspen/OneDrive/2018/Semester%202/MTRX3700-Major/Git/Scales-Assignment/seven_b_4520.X/basic_serial.h</file>
            <file>file:/C:/Users/Aspen/OneDrive/2018/Semester%202/MTRX3700-Major/Git/Scales-Assignment/seven_b_4520.X/basic_serial.c</file>
        </group>
    </open-files>
</project-private>
